Symbol,Price Level,Note,Foreground Color,Background Color,Diameter,Text Alignment,Draw Note Price Horizontal Line
NQZ6.CME@BMD,33132.77,QQQ C-CYC +293 800,#7BF09A,#52D273,1,left,TRUE
NQZ6.CME@BMD,32304.45,QQQ C-CYC +283 780,#7BF09A,#52D273,1,left,TRUE
NQZ6.CME@BMD,32181.93,,#7BF09A,#52D273,1,left,TRUE
NQZ6.CME@BMD,32097.37,QQQ C-CYC +510 775,#7BF09A,#52D273,1,left,TRUE
NQZ6.CME@BMD,32096.38,SPY C-CYC +932 800,#7BF09A,#52D273,1,left,TRUE
NQZ6.CME@BMD,32010.82,,#7BF09A,#52D273,1,left,TRUE
NQZ6.CME@BMD,31890.29,QQQ GEX #2 +634 770,#7BF09A,#52D273,1,left,TRUE
NQZ6.CME@BMD,31683.21,QQQ C-CYC +384 765,#7BF09A,#52D273,1,left,TRUE
NQZ6.CME@BMD,31682.43,,#7BF09A,#52D273,1,left,TRUE
NQZ6.CME@BMD,31636.84,SPY C-CYC +1k 790,#7BF09A,#52D273,1,left,TRUE
NQZ6.CME@BMD,31591.24,,#7BF09A,#52D273,1,left,TRUE
NQZ6.CME@BMD,31476.13,QQQ GEX MAX +1k 760 QQQ CWALL 760,#7BF09A,#52D273,1,left,TRUE
NQZ6.CME@BMD,31432.68,,#7BF09A,#52D273,1,left,TRUE
NQZ6.CME@BMD,31407.07,SPY GEX #2 +2k 785,#7BF09A,#52D273,1,left,TRUE
NQZ6.CME@BMD,31381.45,,#7BF09A,#52D273,1,left,TRUE
NQZ6.CME@BMD,31269.05,QQQ C-CYC +563 755,#7BF09A,#52D273,1,left,TRUE
NQZ6.CME@BMD,31217.7,CONFLUENCE QQQ/SPY d=13 QQQ DP +117.3M 754,#F5A1FF,#EE7CFF,1,left,TRUE
NQZ6.CME@BMD,31182.93,,#7BF09A,#52D273,1,left,TRUE
NQZ6.CME@BMD,31178.35,CONFLUENCE QQQ/SPY d=1 QQQ DP +107.1M 753,#F5A1FF,#EE7CFF,1,left,TRUE
NQZ6.CME@BMD,31177.3,SPY GEX MAX +4k 780 SPY CWALL 780,#7BF09A,#52D273,1,left,TRUE
NQZ6.CME@BMD,31171.66,,#7BF09A,#52D273,1,left,TRUE
NQZ6.CME@BMD,31165.51,CONFLUENCE QQQ/SPY d=12 QQQ DP +123.5M 752,#F5A1FF,#EE7CFF,1,left,TRUE
NQZ6.CME@BMD,31144.8,QQQ C-CYC +298 752,#7BF09A,#52D273,1,left,TRUE
NQZ6.CME@BMD,31137.97,,#F5A1FF,#EE7CFF,1,left,TRUE
NQZ6.CME@BMD,31135.94,CONFLUENCE QQQ/SPY d=35 SPY DP +805M 779,#F5A1FF,#EE7CFF,1,left,TRUE
NQZ6.CME@BMD,31133.9,,#F5A1FF,#EE7CFF,1,left,TRUE
NQZ6.CME@BMD,31132.98,,#7BF09A,#52D273,1,left,TRUE
NQZ6.CME@BMD,31131.34,SPY C-CYC +2k 779,#7BF09A,#52D273,1,left,TRUE
NQZ6.CME@BMD,31129.7,,#7BF09A,#52D273,1,left,TRUE
NQZ6.CME@BMD,31087.74,,#7BF09A,#52D273,1,left,TRUE
NQZ6.CME@BMD,31085.39,SPY C-CYC +2k 778,#7BF09A,#52D273,1,left,TRUE
NQZ6.CME@BMD,31083.03,,#7BF09A,#52D273,1,left,TRUE
NQZ6.CME@BMD,31061.97,QQQ C-CYC +548 750,#7BF09A,#52D273,1,left,TRUE
NQZ6.CME@BMD,31048.72,QQQ FLIP 750,#FFE08A,#FFC857,1,left,TRUE
NQZ6.CME@BMD,31032.36,,#FFE08A,#FFC857,1,left,TRUE
NQZ6.CME@BMD,31029.84,,#F5A1FF,#EE7CFF,1,left,TRUE
NQZ6.CME@BMD,31024.73,SPY FLIP 777,#FFE08A,#FFC857,1,left,TRUE
NQZ6.CME@BMD,31021.97,CONFLUENCE QQQ/SPY d=3 SPY DP +149.7M 777,#F5A1FF,#EE7CFF,1,left,TRUE
NQZ6.CME@BMD,31017.1,,#FFE08A,#FFC857,1,left,TRUE
NQZ6.CME@BMD,31014.1,,#F5A1FF,#EE7CFF,1,left,TRUE
NQZ6.CME@BMD,30858.65,,#F5A1FF,#EE7CFF,1,left,TRUE
NQZ6.CME@BMD,30834.48,CONFLUENCE QQQ/SPY d=190 SPY DP +249.9M 773,#F5A1FF,#EE7CFF,1,left,TRUE
NQZ6.CME@BMD,30810.3,,#F5A1FF,#EE7CFF,1,left,TRUE
NQZ6.CME@BMD,30801.05,CONFLUENCE QQQ/SPY d=224 QQQ DP +195.9M 744,#F5A1FF,#EE7CFF,1,left,TRUE
NQZ6.CME@BMD,30715.16,,#F5A1FF,#EE7CFF,1,left,TRUE
NQZ6.CME@BMD,30677.32,CONFLUENCE QQQ/SPY d=347 SPY DP +478.5M 769,#F5A1FF,#EE7CFF,1,left,TRUE
NQZ6.CME@BMD,30639.47,,#F5A1FF,#EE7CFF,1,left,TRUE
NQZ6.CME@BMD,30613.85,CONFLUENCE QQQ/SPY d=411 QQQ DP +210M 739,#F5A1FF,#EE7CFF,1,left,TRUE
NQZ6.CME@BMD,30580.47,,#F5A1FF,#EE7CFF,1,left,TRUE
NQZ6.CME@BMD,30529.8,CONFLUENCE QQQ/SPY d=495 SPY DP +415.9M 766,#F5A1FF,#EE7CFF,1,left,TRUE
NQZ6.CME@BMD,30479.13,,#F5A1FF,#EE7CFF,1,left,TRUE
NQZ6.CME@BMD,30233.65,QQQ PRO-CYC -293 730,#FF7A87,#FF5A6C,1,left,TRUE
NQZ6.CME@BMD,30122.71,,#7BF09A,#52D273,1,left,TRUE
NQZ6.CME@BMD,30028.44,SPY PWALL 755,#7BF09A,#52D273,1,left,TRUE
NQZ6.CME@BMD,30026.57,QQQ PWALL 725 QQQ PRO-CYC -478 725,#7BF09A,#52D273,1,left,TRUE
NQZ6.CME@BMD,29934.18,,#7BF09A,#52D273,1,left,TRUE
NQZ6.CME@BMD,29819.49,QQQ PRO-CYC -326 720,#FF7A87,#FF5A6C,1,left,TRUE
NQZ6.CME@BMD,28991.17,QQQ PRO-CYC -435 700,#FF7A87,#FF5A6C,1,left,TRUE
NQZ6.CME@BMD,28577.01,QQQ PRO-CYC -323 690,#FF7A87,#FF5A6C,1,left,TRUE
